{
    "title": {
        "text": {
            "text": "This is a test of using google spreadsheets as a source for the timeline tool. This is a 'title' slide, so it doesn't need a date. It automatically occurs first, and doesn't appear in the timeline below.", 
            "headline": "看見思法-特偵組"
        }, 
        "media": {
            "caption": "<a href=\"http://www.flickr.com/photos/zachwise/6115056146/\" title=\"Chicago by zach.wise, on Flickr\">Chicago by zach.wise</a>", 
            "url": "http://www.flickr.com/photos/zachwise/6115056146/in/photostream", 
            "credit": "Zach Wise/verite.co", 
            "thumbnail": ""
        }
    }, 
    "events": [
        {
            "start_date": {
                "display_text": "", 
                "minute": "", 
                "month": 7, 
                "hour": "", 
                "millisecond": "", 
                "year": 2000, 
                "second": "", 
                "day": 1, 
                "format": ""
            }, 
            "text": {
                "text": "前身：臺灣高等法院檢察署「查緝黑金行動中心」（由行政院於八十九年七月十二日台八十九法字第二ｏ九六四號函核定）", 
                "headline": "查緝黑金行動中心成立"
            }, 
            "media": {
                "caption": "Chicago to NYC", 
                "url": "http://www.flickr.com/photos/zachwise/6894476777/in/photostream", 
                "credit": "Zach Wise/verite.co", 
                "thumbnail": ""
            }, 
            "end_date": {
                "display_text": "", 
                "minute": "", 
                "month": 4, 
                "hour": "", 
                "millisecond": "", 
                "year": 2007, 
                "second": "", 
                "day": 2, 
                "format": ""
            }
        }, 
        {
            "start_date": {
                "display_text": "", 
                "minute": "", 
                "month": 8, 
                "hour": "", 
                "millisecond": "", 
                "year": 2000, 
                "second": "", 
                "day": 1, 
                "format": ""
            }, 
            "text": {
                "text": "偵查拉法葉艦購艦弊案。", 
                "headline": "拉法葉案"
            }, 
            "media": {
                "caption": "A video about how to make timelines!", 
                "url": "https://vimeo.com/143407878", 
                "credit": "Knight Lab", 
                "thumbnail": ""
            }, 
            "end_date": {
                "display_text": "", 
                "minute": "", 
                "month": "", 
                "hour": "", 
                "millisecond": "", 
                "year": "", 
                "second": "", 
                "day": "", 
                "format": ""
            }
        }, 
        {
            "start_date": {
                "display_text": "", 
                "minute": "", 
                "month": 4, 
                "hour": "", 
                "millisecond": "", 
                "year": 2007, 
                "second": "", 
                "day": 2, 
                "format": ""
            }, 
            "text": {
                "text": "辦公室：台北市館前路的三井物產株式會社舊廈。第一屆成員：陳雲南（主任兼發言人）、沈明倫、侯寬仁、周士榆、林嚞慧、越方如、周志榮、朱朝亮、吳文忠、及李海龍", 
                "headline": "查緝黑金行動中心改組，成立特偵組"
            }, 
            "media": {
                "caption": "特偵組", 
                "url": "http://img.chinatimes.com/newsphoto/2013-09-09/656/b04a00_p_04_01.jpg", 
                "credit": "中時電子報", 
                "thumbnail": ""
            }, 
            "end_date": {
                "display_text": "", 
                "minute": "", 
                "month": 1, 
                "hour": "", 
                "millisecond": "", 
                "year": 2017, 
                "second": "", 
                "day": 1, 
                "format": ""
            }
        }, 
        {
            "start_date": {
                "display_text": "", 
                "minute": "", 
                "month": 8, 
                "hour": "", 
                "millisecond": "", 
                "year": 2007, 
                "second": "", 
                "day": 29, 
                "format": ""
            }, 
            "text": {
                "text": "中藥商公會全國聯合會為修法爭取調劑權，涉嫌行賄八名立委。最高法院認定當時被特偵組起訴收錢的立委李俊毅、趙永清、陳鴻基、許舒博等四人罪證不足，判決四人無罪確定。廖福本因已死亡，諭知公訴不受理，林光華、馮定國、邱垂貞等四人則發回高院更審。", 
                "headline": "簽結：中藥商公會全國聯合會行賄立法委員"
            }, 
            "media": {
                "caption": "", 
                "url": "http://www.hftcm.com/upload/images/178.png", 
                "credit": "漢方醫藥", 
                "thumbnail": ""
            }, 
            "end_date": {
                "display_text": "", 
                "minute": "", 
                "month": "", 
                "hour": "", 
                "millisecond": "", 
                "year": "", 
                "second": "", 
                "day": "", 
                "format": ""
            }
        }, 
        {
            "start_date": {
                "display_text": "", 
                "minute": "", 
                "month": 9, 
                "hour": "", 
                "millisecond": "", 
                "year": 2007, 
                "second": "", 
                "day": 21, 
                "format": ""
            }, 
            "text": {
                "text": "台灣最高檢察署特偵組主任陳雲南表示，副總統呂秀蓮、民進黨主席游錫堃及國安會秘書長陳唐山等特別費案偵查終結，共11人起訴、5人緩起訴、3人不起訴。其中民進黨正副總統候選人謝長廷及蘇貞昌獲不起訴處分。而副總統呂秀蓮、民進黨主席游錫堃及陳唐山被認定涉嫌以他人發票報銷特別費遭起訴。", 
                "headline": "綠營四大天王特別費案"
            }, 
            "media": {
                "caption": "民進黨四大天王呂秀蓮、蘇貞昌、游錫堃、謝長廷", 
                "url": "http://img.ltn.com.tw/Upload/liveNews/BigPic/600_phpcN5vi3.jpg", 
                "credit": "自由時報", 
                "thumbnail": ""
            }, 
            "end_date": {
                "display_text": "", 
                "minute": "", 
                "month": "", 
                "hour": "", 
                "millisecond": "", 
                "year": "", 
                "second": "", 
                "day": "", 
                "format": ""
            }
        }, 
        {
            "start_date": {
                "display_text": "", 
                "minute": "", 
                "month": 10, 
                "hour": "", 
                "millisecond": "", 
                "year": 2007, 
                "second": "", 
                "day": 26, 
                "format": ""
            }, 
            "text": {
                "text": "牙醫師公會全國聯合會，為遊說推動「口腔健康法」，被控在12年前行賄8名立委及一名藥商。三審確定：蔡煌瑯、蔡朝正、趙永清、邱創良、張蔡美、楊富美、廖本煙均無罪。李鎮楠、李明憲部分撤銷發回，仍在審理中。", 
                "headline": "簽結：牙醫師公會全國聯合會行賄立法委員"
            }, 
            "media": {
                "caption": "TDA，中華民國牙醫師公會全國聯合會", 
                "url": "http://www.taiwanaid.org/sites/default/files/styles/member_pic/public/2_%E4%B8%AD%E8%8F%AF%E6%B0%91%E5%9C%8B%E7%89%99%E9%86%AB%E5%B8%AB%E5%85%AC%E6%9C%83%E5%85%A8%E5%9C%8B%E8%81%AF%E5%90%88%E6%9C%83_0.jpg?itok=bh7z1N5N", 
                "credit": "TDA", 
                "thumbnail": ""
            }, 
            "end_date": {
                "display_text": "", 
                "minute": "", 
                "month": "", 
                "hour": "", 
                "millisecond": "", 
                "year": "", 
                "second": "", 
                "day": "", 
                "format": ""
            }
        }, 
        {
            "start_date": {
                "display_text": "", 
                "minute": "", 
                "month": 10, 
                "hour": "", 
                "millisecond": "", 
                "year": 2007, 
                "second": "", 
                "day": 26, 
                "format": ""
            }, 
            "text": {
                "text": "100/6/1偵結起訴羅福助等12人。包括聯合操縱股價(炒股)、掏空公司資產(掏空)與未經\n許可經營證券金融業務(墊丙)3 大部分。", 
                "headline": "前立委羅福助案"
            }, 
            "media": {
                "caption": "", 
                "url": "https://www.youtube.com/watch?v=QzZVBz6uAWA", 
                "credit": "民視新聞頻道 FTVNEWS", 
                "thumbnail": ""
            }, 
            "end_date": {
                "display_text": "", 
                "minute": "", 
                "month": "", 
                "hour": "", 
                "millisecond": "", 
                "year": "", 
                "second": "", 
                "day": "", 
                "format": ""
            }
        }, 
        {
            "start_date": {
                "display_text": "", 
                "minute": "", 
                "month": 10, 
                "hour": "", 
                "millisecond": "", 
                "year": 2007, 
                "second": "", 
                "day": 26, 
                "format": ""
            }, 
            "text": {
                "text": "", 
                "headline": "立委顏清標案"
            }, 
            "media": {
                "caption": "", 
                "url": "", 
                "credit": "", 
                "thumbnail": ""
            }, 
            "end_date": {
                "display_text": "", 
                "minute": "", 
                "month": "", 
                "hour": "", 
                "millisecond": "", 
                "year": "", 
                "second": "", 
                "day": "", 
                "format": ""
            }
        }, 
        {
            "start_date": {
                "display_text": "", 
                "minute": "", 
                "month": 12, 
                "hour": "", 
                "millisecond": "", 
                "year": 2008, 
                "second": "", 
                "day": 12, 
                "format": ""
            }, 
            "text": {
                "text": "", 
                "headline": "起訴：陳水扁國務機要費案（95年度偵字第23708號）、洗錢案、龍潭購地弊案、南港展覽館案"
            }, 
            "media": {
                "caption": "", 
                "url": "", 
                "credit": "", 
                "thumbnail": ""
            }, 
            "end_date": {
                "display_text": "", 
                "minute": "", 
                "month": "", 
                "hour": "", 
                "millisecond": "", 
                "year": "", 
                "second": "", 
                "day": "", 
                "format": ""
            }
        }, 
        {
            "start_date": {
                "display_text": "", 
                "minute": "", 
                "month": 12, 
                "hour": "", 
                "millisecond": "", 
                "year": 2008, 
                "second": "", 
                "day": 12, 
                "format": ""
            }, 
            "text": {
                "text": "檢方懷疑華航向法國空中巴士公司以1千2百億購入14架A350-900客機按慣例所支付2%~3%(約24到36億)之傭金有不法之虞。在華航與空中巴士談判簽約的同時，由當時行政院副院長邱義仁一手主導的鐽震軍品公司成立，特偵組懷疑二者間可能有弊端。", 
                "headline": "華航涉不法佣金案"
            }, 
            "media": {
                "caption": "中華航空", 
                "url": "http://www.weya.com.tw/uploads/productphoto/productphoto_2_20150820173209.jpg", 
                "credit": "China Airlines", 
                "thumbnail": ""
            }, 
            "end_date": {
                "display_text": "", 
                "minute": "", 
                "month": "", 
                "hour": "", 
                "millisecond": "", 
                "year": "", 
                "second": "", 
                "day": "", 
                "format": ""
            }
        }, 
        {
            "start_date": {
                "display_text": "", 
                "minute": "", 
                "month": 3, 
                "hour": "", 
                "millisecond": "", 
                "year": 2009, 
                "second": "", 
                "day": 25, 
                "format": ""
            }, 
            "text": {
                "text": "第三屆成員：陳雲南（主任兼發言人）、林嚞慧、越方如、周士榆、李海龍、鄭富銘、姜貴昌、莊正、蔡宗熙、林弘政、汪南均", 
                "headline": "特偵組第三屆"
            }, 
            "media": {
                "caption": "", 
                "url": "http://matchbin-assets.s3.amazonaws.com/public/sites/358/assets/127383894040101049.jpg", 
                "credit": "yp.worldjournal.com", 
                "thumbnail": ""
            }, 
            "end_date": {
                "display_text": "", 
                "minute": "", 
                "month": "", 
                "hour": "", 
                "millisecond": "", 
                "year": "", 
                "second": "", 
                "day": "", 
                "format": ""
            }
        }, 
        {
            "start_date": {
                "display_text": "", 
                "minute": "", 
                "month": 5, 
                "hour": "", 
                "millisecond": "", 
                "year": 2009, 
                "second": "", 
                "day": 5, 
                "format": ""
            }, 
            "text": {
                "text": "陳水扁夫婦被控收受陳敏薰新台幣1000萬元賄款，幫陳敏薰藉此取得台北101（台北金融大樓股份有限公司）董事長；兩人分別被依貪污罪判刑8年定讞。特偵組又控扁珍夫婦收受辜仲諒約3億元之政治獻金，認定構成貪汙治罪條例對於非主管或監督之事務圖利罪與政治獻金法，然因其未構成貪汙治罪條例及政治獻金法之要件而無罪定讞。", 
                "headline": "起訴：陳敏薰買官案、辜仲諒政治獻金案"
            }, 
            "media": {
                "caption": "Taipei 101", 
                "url": "http://www.taipei-101.com.tw/upload/news/201508/2015080716083300000000.jpg", 
                "credit": "Taipei Financial Center Corp.", 
                "thumbnail": ""
            }, 
            "end_date": {
                "display_text": "", 
                "minute": "", 
                "month": "", 
                "hour": "", 
                "millisecond": "", 
                "year": "", 
                "second": "", 
                "day": "", 
                "format": ""
            }
        }, 
        {
            "start_date": {
                "display_text": "", 
                "minute": "", 
                "month": 9, 
                "hour": "", 
                "millisecond": "", 
                "year": 2009, 
                "second": "", 
                "day": 22, 
                "format": ""
            }, 
            "text": {
                "text": "國安會秘書長邱義仁於2004年主導進行外交部的秘密外交專案，向世界貿易組織前秘書長等人行賄，以避免中華民國在世界貿易組織的名稱遭矮化。特偵組認為邱義仁與高英茂捏造此專案，詐領五十萬美元，於2009年以貪污罪起訴。2012年，地方法院與高等法院，認為該款項有合法報銷，用於機密外交上，皆判決無罪。", 
                "headline": "起訴：外交零用金案、機密外交案(安亞專案)"
            }, 
            "media": {
                "caption": "WTO，世界貿易組織", 
                "url": "https://www.wto.org/images/wtomenus/logo_lite_en.gif", 
                "credit": "WTO", 
                "thumbnail": ""
            }, 
            "end_date": {
                "display_text": "", 
                "minute": "", 
                "month": "", 
                "hour": "", 
                "millisecond": "", 
                "year": "", 
                "second": "", 
                "day": "", 
                "format": ""
            }
        }, 
        {
            "start_date": {
                "display_text": "", 
                "minute": "", 
                "month": 10, 
                "hour": "", 
                "millisecond": "", 
                "year": 2009, 
                "second": "", 
                "day": 1, 
                "format": ""
            }, 
            "text": {
                "text": "辦公室遷至國防部文化營區", 
                "headline": "移址"
            }, 
            "media": {
                "caption": "", 
                "url": "", 
                "credit": "", 
                "thumbnail": ""
            }, 
            "end_date": {
                "display_text": "", 
                "minute": "", 
                "month": "", 
                "hour": "", 
                "millisecond": "", 
                "year": "", 
                "second": "", 
                "day": "", 
                "format": ""
            }
        }, 
        {
            "start_date": {
                "display_text": "", 
                "minute": "", 
                "month": 12, 
                "hour": "", 
                "millisecond": "", 
                "year": 2009, 
                "second": "", 
                "day": 21, 
                "format": ""
            }, 
            "text": {
                "text": "辜仲諒違反證券交易法案(紅火案)，發生於2004年間的台灣金融內線交易弊案。中信金控預備入股兆豐金控。在辜仲諒指示下，張明田等三人經由子公司紅火公司，贖回公司債，操縱兆豐金控股價，從中獲利新台幣十億元。二次金改案，於2010年在台灣發生的金融案件。中華民國前總統陳水扁及其妻子吳淑珍，被指控在第二次臺灣金融改革期間，收受元大證券馬志玲兩億元賄款，協助元大證券購併復華金控。", 
                "headline": "起訴：二次金改案、辜仲諒違反證券交易法案"
            }, 
            "media": {
                "caption": "證券交易", 
                "url": "http://www.eeo.com.cn/uploadfiles/today_media/today_media/today_media/editorials/20080917024354578.jpg", 
                "credit": "eeo.com.cn", 
                "thumbnail": ""
            }, 
            "end_date": {
                "display_text": "", 
                "minute": "", 
                "month": "", 
                "hour": "", 
                "millisecond": "", 
                "year": "", 
                "second": "", 
                "day": "", 
                "format": ""
            }
        }, 
        {
            "start_date": {
                "display_text": "", 
                "minute": "", 
                "month": 3, 
                "hour": "", 
                "millisecond": "", 
                "year": 2012, 
                "second": "", 
                "day": 10, 
                "format": ""
            }, 
            "text": {
                "text": "台北銀行前副理黃玉炎指控前總統馬英九，在民國91年擔任台北市長期間，推動台北銀行和富邦金合併，涉嫌賤賣台北銀行，圖利富邦金控超過300億元，黃玉炎認為馬英九和曾任北市財政局長的前財政部長李述德，涉嫌觸犯「貪污治罪條例」的圖利罪。", 
                "headline": "簽結：富邦魚翅案"
            }, 
            "media": {
                "caption": "富邦銀行", 
                "url": "https://yt3.ggpht.com/-O4cBnL0X3No/AAAAAAAAAAI/AAAAAAAAAAA/JxAotVmwDig/s900-c-k-no-mo-rj-c0xffffff/photo.jpg", 
                "credit": "富邦銀行", 
                "thumbnail": ""
            }, 
            "end_date": {
                "display_text": "", 
                "minute": "", 
                "month": "", 
                "hour": "", 
                "millisecond": "", 
                "year": "", 
                "second": "", 
                "day": "", 
                "format": ""
            }
        }, 
        {
            "start_date": {
                "display_text": "", 
                "minute": "", 
                "month": 4, 
                "hour": "", 
                "millisecond": "", 
                "year": 2010, 
                "second": "", 
                "day": 19, 
                "format": ""
            }, 
            "text": {
                "text": "2006年，馬英九於任職臺北市長期間，將特別費每月固定匯入妻子周美青帳戶運用於私人用途，並以假發票報帳，遭臺北地檢署以貪污罪起訴。最高法院最終判處馬英九無罪，其部屬余文則遭判有期徒刑。此案是由陳水扁總統國務機要費案所衍伸多個案件之一。", 
                "headline": "起訴：近兩百名首長特別費案（馬英九特別費案）"
            }, 
            "media": {
                "caption": "前總統馬英九", 
                "url": "https://www.hk01.com/media/images/5719/xlarge/a7c13d341efd52655ff9606de4d64eeb.jpg", 
                "credit": "香港零一媒體有限公司", 
                "thumbnail": ""
            }, 
            "end_date": {
                "display_text": "", 
                "minute": "", 
                "month": "", 
                "hour": "", 
                "millisecond": "", 
                "year": "", 
                "second": "", 
                "day": "", 
                "format": ""
            }
        }, 
        {
            "start_date": {
                "display_text": "", 
                "minute": "", 
                "month": 5, 
                "hour": "", 
                "millisecond": "", 
                "year": 2010, 
                "second": "", 
                "day": 12, 
                "format": ""
            }, 
            "text": {
                "text": "前民主進步黨籍立法委員高建智、江昭儀、蔡啟芳與林重謨於民國95年11月間到台北地檢署按鈴控告歷任副總統、五院院長、檢察總長及審計長共26人的特別費使用涉及貪瀆，其中包括王金平。特偵組偵辦立法院長王金平特別費案，以查無犯罪事實，將案件簽結", 
                "headline": "簽結：立法院長王金平特別費案"
            }, 
            "media": {
                "caption": "前立法院長王金平", 
                "url": "http://img5.cna.com.tw/www/WebPhotos/800/20150607/33289167.jpg", 
                "credit": "中央通訊社", 
                "thumbnail": ""
            }, 
            "end_date": {
                "display_text": "", 
                "minute": "", 
                "month": "", 
                "hour": "", 
                "millisecond": "", 
                "year": "", 
                "second": "", 
                "day": "", 
                "format": ""
            }
        }, 
        {
            "start_date": {
                "display_text": "", 
                "minute": "", 
                "month": 11, 
                "hour": "", 
                "millisecond": "", 
                "year": 2010, 
                "second": "", 
                "day": 4, 
                "format": ""
            }, 
            "text": {
                "text": "高院法官陳榮和、李春地、蔡光治透過板檢檢察官邱茂榮、檢察官邱創舜共收賄，先後將涉貪的前立委何智輝、前法官張炳龍改判無罪，事後又透過前檢察官張權教唆偽證，依違背職務行、收賄等罪起訴。七名司法官遭判各二十年到一年不等徒刑確定。同案被告前法官房阿生二審判十年半未上訴，已入獄。", 
                "headline": "起訴：臺灣高等法院數名法官收賄案（正己專案）"
            }, 
            "media": {
                "caption": "涉案法官及檢察官", 
                "url": "http://static.news.sina.com.tw/article/images/news-138205985658.jpg", 
                "credit": "北京新浪網", 
                "thumbnail": ""
            }, 
            "end_date": {
                "display_text": "", 
                "minute": "", 
                "month": "", 
                "hour": "", 
                "millisecond": "", 
                "year": "", 
                "second": "", 
                "day": "", 
                "format": ""
            }
        }, 
        {
            "start_date": {
                "display_text": "", 
                "minute": "", 
                "month": 5, 
                "hour": "", 
                "millisecond": "", 
                "year": 2011, 
                "second": "", 
                "day": 1, 
                "format": ""
            }, 
            "text": {
                "text": "1996年9月12日臺北市大安區的空軍作戰司令部營區內五歲謝姓女童遭到姦殺身亡的案件，軍方組成了「0912專案小組」，將被認定涉案的江國慶於1997年8月13日執行槍決。檢方懷疑，當年負責偵訊江國慶的空軍反情報總隊人員為了與依法才具有軍司法警察身份的原承辦憲兵隊「搶功」和「爭績效」，進而刑求江國慶並逼迫自白", 
                "headline": "不起訴：江國慶案"
            }, 
            "media": {
                "caption": "江國慶", 
                "url": "https://encrypted-tbn1.gstatic.com/images?q=tbn:ANd9GcSvES9RHsdgyZZQ6rA9oswoxq9kWnINVe8LIFcuV1_UcueDvQbF", 
                "credit": "台灣醒報", 
                "thumbnail": ""
            }, 
            "end_date": {
                "display_text": "", 
                "minute": "", 
                "month": "", 
                "hour": "", 
                "millisecond": "", 
                "year": "", 
                "second": "", 
                "day": "", 
                "format": ""
            }
        }, 
        {
            "start_date": {
                "display_text": "", 
                "minute": "", 
                "month": 6, 
                "hour": "", 
                "millisecond": "", 
                "year": 2011, 
                "second": "", 
                "day": 1, 
                "format": ""
            }, 
            "text": {
                "text": "", 
                "headline": "起訴：羅福助等違反證券交易法等案"
            }, 
            "media": {
                "caption": "", 
                "url": "", 
                "credit": "", 
                "thumbnail": ""
            }, 
            "end_date": {
                "display_text": "", 
                "minute": "", 
                "month": "", 
                "hour": "", 
                "millisecond": "", 
                "year": "", 
                "second": "", 
                "day": "", 
                "format": ""
            }
        }, 
        {
            "start_date": {
                "display_text": "", 
                "minute": "", 
                "month": 6, 
                "hour": "", 
                "millisecond": "", 
                "year": 2011, 
                "second": "", 
                "day": 30, 
                "format": ""
            }, 
            "text": {
                "text": "2011年6月30日起訴國安密帳案（98年度特偵字第12號、100年度特偵字第4號），2015年11月4日最高法院宣判，劉泰英依侵占公有財物罪判處有期徒刑3年，褫奪公權3年定讞。（案號：最高法院104年度台上字第3300號判決）李登輝無罪。", 
                "headline": "國安密帳案"
            }, 
            "media": {
                "caption": "劉泰英", 
                "url": "http://img.chinatimes.com/newsphoto/2013-11-15/656/a02a00_p_04_01.jpg", 
                "credit": "中時電子報", 
                "thumbnail": ""
            }, 
            "end_date": {
                "display_text": "", 
                "minute": "", 
                "month": 11, 
                "hour": "", 
                "millisecond": "", 
                "year": 2015, 
                "second": "", 
                "day": 4, 
                "format": ""
            }
        }, 
        {
            "start_date": {
                "display_text": "", 
                "minute": "", 
                "month": "", 
                "hour": "", 
                "millisecond": "", 
                "year": 2012, 
                "second": "", 
                "day": "", 
                "format": ""
            }, 
            "text": {
                "text": "廢除呼聲：由於在林益世索賄案中未查出被普遍質疑仍存在的涉案更高層，被民主進步黨人士批評「預設立場且不作為的特偵組可廢除了！」民間司法改革基金會執行長林峯正也痛批：「人家說沒有就沒有，特偵組這4個月在幹嘛？」民進黨立委李俊俋說特偵組「辦綠不辦藍」，總統馬英九富邦案、前行政院文化建設委員會主任委員盛治仁夢想家案都簽結作收，因而提案廢除特偵組。", 
                "headline": "提案廢特偵？"
            }, 
            "media": {
                "caption": "林峯正", 
                "url": "http://image.cache.storm.mg/styles/smg-800x533-fp-wm/s3/media/image/2016/03/25/20160325-034127_U1252_M141290_c8a8.JPG?itok=wE9NPXgd", 
                "credit": "瘋傳媒", 
                "thumbnail": ""
            }, 
            "end_date": {
                "display_text": "", 
                "minute": "", 
                "month": "", 
                "hour": "", 
                "millisecond": "", 
                "year": "", 
                "second": "", 
                "day": "", 
                "format": ""
            }
        }, 
        {
            "start_date": {
                "display_text": "", 
                "minute": "", 
                "month": 5, 
                "hour": "", 
                "millisecond": "", 
                "year": 2012, 
                "second": "", 
                "day": 21, 
                "format": ""
            }, 
            "text": {
                "text": "起訴：前總統陳水扁侵占國家機密公文案", 
                "headline": ""
            }, 
            "media": {
                "caption": "", 
                "url": "", 
                "credit": "", 
                "thumbnail": ""
            }, 
            "end_date": {
                "display_text": "", 
                "minute": "", 
                "month": "", 
                "hour": "", 
                "millisecond": "", 
                "year": "", 
                "second": "", 
                "day": "", 
                "format": ""
            }
        }, 
        {
            "start_date": {
                "display_text": "", 
                "minute": "", 
                "month": 8, 
                "hour": "", 
                "millisecond": "", 
                "year": 2012, 
                "second": "", 
                "day": 14, 
                "format": ""
            }, 
            "text": {
                "text": "國民黨認為蔡英文於擔任行政院副院長時協助並核准宇昌生技公司的設立，在卸任後擔任該公司董事長，以其家族資金投資宇昌生技；在當選民進黨主席後，蔡英文辭去董事長職位，將股份完全轉讓給潤泰集團尹衍樑一事為貪汙、圖利，蔡不服，進而提告。", 
                "headline": "簽結：宇昌案"
            }, 
            "media": {
                "caption": "蔡英文", 
                "url": "https://d32kak7w9u5ewj.cloudfront.net/media/777553de32e6449f96859b0d1f331252.jpg?imageView2/1/w/1080/h/720/format/jpg", 
                "credit": "Initium Media", 
                "thumbnail": ""
            }, 
            "end_date": {
                "display_text": "", 
                "minute": "", 
                "month": "", 
                "hour": "", 
                "millisecond": "", 
                "year": "", 
                "second": "", 
                "day": "", 
                "format": ""
            }
        }, 
        {
            "start_date": {
                "display_text": "", 
                "minute": "", 
                "month": 10, 
                "hour": "", 
                "millisecond": "", 
                "year": 2012, 
                "second": "", 
                "day": 25, 
                "format": ""
            }, 
            "text": {
                "text": "時任國民黨副主席及行政院祕書長的林益世擔任立法委員時，以協助中國鋼鐵公司下游廠商「地勇選礦公司」續約為由，涉嫌向地勇公司負責人陳啟祥索取賄款。", 
                "headline": "起訴：林益世中鋼中聯關說施壓收賄索賄案"
            }, 
            "media": {
                "caption": "林益世", 
                "url": "http://static.ettoday.net/images/110/d110755.jpg", 
                "credit": "ETtoday東森新聞雲", 
                "thumbnail": ""
            }, 
            "end_date": {
                "display_text": "", 
                "minute": "", 
                "month": "", 
                "hour": "", 
                "millisecond": "", 
                "year": "", 
                "second": "", 
                "day": "", 
                "format": ""
            }
        }, 
        {
            "start_date": {
                "display_text": "", 
                "minute": "", 
                "month": 3, 
                "hour": "", 
                "millisecond": "", 
                "year": 2013, 
                "second": "", 
                "day": 8, 
                "format": ""
            }, 
            "text": {
                "text": "台灣高等檢察署檢察官陳玉珍涉嫌自板橋地檢署主任檢察官任內起，包庇業者經營電子賭博遊藝場，並按月收受賄賂長達七年，賄款初估高達近一千萬元。特偵組以涉犯貪汙治罪條例收受賄賂等罪起訴。", 
                "headline": "起訴：臺高檢署檢察官陳玉珍違反貪污治罪條例等案件(正己專案)"
            }, 
            "media": {
                "caption": "", 
                "url": "http://www.follaw.tw/wp-content/uploads/2015/12/justitie-vrouwe-justitia-recht-gerechtelijke-justitie-rotterdam-vrouwe-anp-rechtspraak-justitia-gerechtigheid-uitspraak-vonnis2.jpeg", 
                "credit": "FOLLAW", 
                "thumbnail": ""
            }, 
            "end_date": {
                "display_text": "", 
                "minute": "", 
                "month": "", 
                "hour": "", 
                "millisecond": "", 
                "year": "", 
                "second": "", 
                "day": "", 
                "format": ""
            }
        }, 
        {
            "start_date": {
                "display_text": "", 
                "minute": "", 
                "month": 9, 
                "hour": "", 
                "millisecond": "", 
                "year": 2013, 
                "second": "", 
                "day": 1, 
                "format": ""
            }, 
            "text": {
                "text": "國民黨立委與中常委黃昭順指出：「我對於肆無忌憚的監聽，非常有意見。如果我們的監聽是用這種方式的話，我想我們整個的民主是倒退的。所以特偵組是不是應該繼續存在，我們有討論的空間。」該黨立委廖正井、呂學樟、王惠美等均主張廢除。", 
                "headline": "廢？不廢？"
            }, 
            "media": {
                "caption": "", 
                "url": "", 
                "credit": "", 
                "thumbnail": ""
            }, 
            "end_date": {
                "display_text": "", 
                "minute": "", 
                "month": "", 
                "hour": "", 
                "millisecond": "", 
                "year": "", 
                "second": "", 
                "day": "", 
                "format": ""
            }
        }, 
        {
            "start_date": {
                "display_text": "", 
                "minute": "", 
                "month": 9, 
                "hour": "", 
                "millisecond": "", 
                "year": 2013, 
                "second": "", 
                "day": 6, 
                "format": ""
            }, 
            "text": {
                "text": "2013年9月時任總統馬英九與時任立法院長的政治鬥爭。馬王政爭大致爭點有王金平關說疑雲、特偵組監聽國會以及檢察總長黃世銘，因對外洩露監聽及偵辦內容，違反「偵查不公開原則」及「公務員保密責任」之洩密三項案件。", 
                "headline": "馬王政爭"
            }, 
            "media": {
                "caption": "王金平(左)、馬英九(右)", 
                "url": "http://www.businesstoday.com.tw/images/102352/E24D3C27-05A7-491C-8A62-7EEBF10C8D69", 
                "credit": "今周刊", 
                "thumbnail": ""
            }, 
            "end_date": {
                "display_text": "", 
                "minute": "", 
                "month": 9, 
                "hour": "", 
                "millisecond": "", 
                "year": 2016, 
                "second": "", 
                "day": 30, 
                "format": ""
            }
        }, 
        {
            "start_date": {
                "display_text": "", 
                "minute": "", 
                "month": 9, 
                "hour": "", 
                "millisecond": "", 
                "year": 2013, 
                "second": "", 
                "day": 13, 
                "format": ""
            }, 
            "text": {
                "text": "基層檢察官幾乎一面倒認為，總長已破壞司法獨立性，應送檢察官評鑑，並廢除特偵組（http://www.appledaily.com.tw/appledaily/article/headline/20130913/35292105/%E5%9F%BA%E5%B1%A4%E5%91%BC%E7%B1%B2%E7%89%B9%E5%81%B5%E7%B5%84%E8%A9%B2%E5%BB%A2%E4%BA%86）", 
                "headline": "檢察總長破壞司法獨立性？"
            }, 
            "media": {
                "caption": "", 
                "url": "https://botanwang.com/sites/default/files/styles/632_n/public/field/image/LAW_1.jpg?itok=s-BCE-9m", 
                "credit": "botangwang.com", 
                "thumbnail": ""
            }, 
            "end_date": {
                "display_text": "", 
                "minute": "", 
                "month": "", 
                "hour": "", 
                "millisecond": "", 
                "year": "", 
                "second": "", 
                "day": "", 
                "format": ""
            }
        }, 
        {
            "start_date": {
                "display_text": "", 
                "minute": "", 
                "month": 9, 
                "hour": "", 
                "millisecond": "", 
                "year": 2013, 
                "second": "", 
                "day": 16, 
                "format": ""
            }, 
            "text": {
                "text": "《蘋果日報》民調：「針對王金平涉關說風波，司改會認為特偵組濫權，提出廢除特偵組，您支不支持？」支持者佔59.76%，不支持者佔22.00%", 
                "headline": "廢特偵組民調出爐"
            }, 
            "media": {
                "caption": "", 
                "url": "http://news.xinhuanet.com/world/2014-04/03/126349005_13964807984881n.jpg", 
                "credit": "XINHUANET.com", 
                "thumbnail": ""
            }, 
            "end_date": {
                "display_text": "", 
                "minute": "", 
                "month": "", 
                "hour": "", 
                "millisecond": "", 
                "year": "", 
                "second": "", 
                "day": "", 
                "format": ""
            }
        }, 
        {
            "start_date": {
                "display_text": "", 
                "minute": "", 
                "month": 9, 
                "hour": "", 
                "millisecond": "", 
                "year": 2013, 
                "second": "", 
                "day": 24, 
                "format": ""
            }, 
            "text": {
                "text": "臺灣高等法院檢察署檢察官呂丁旺表示並無特偵組存在的必要", 
                "headline": "特偵組存廢？"
            }, 
            "media": {
                "caption": "", 
                "url": "", 
                "credit": "", 
                "thumbnail": ""
            }, 
            "end_date": {
                "display_text": "", 
                "minute": "", 
                "month": "", 
                "hour": "", 
                "millisecond": "", 
                "year": "", 
                "second": "", 
                "day": "", 
                "format": ""
            }
        }, 
        {
            "start_date": {
                "display_text": "", 
                "minute": "", 
                "month": 4, 
                "hour": "", 
                "millisecond": "", 
                "year": 2013, 
                "second": "", 
                "day": 11, 
                "format": ""
            }, 
            "text": {
                "text": "1995年史威靈公司成立，台灣共投資5億7千萬美元，其中官股占4億2千多萬美元，2005年由公共工程委員會前副主委郭清江任董座，公司虧損甚鉅，被檢舉零組件發包美國公司價格高於漢翔2倍，卻自肥年薪30萬美元、還分紅120萬股票選擇權及15萬美元現金紅利，涉貪污、背信等罪。特偵組查無不法，郭清江不起訴。", 
                "headline": "不起訴：華揚史威靈弊案"
            }, 
            "media": {
                "caption": "郭清江", 
                "url": "http://image.peoplenews.tw/news/d5dfdae7-2d3b-417f-91e0-d8ea8a29b38d.jpg", 
                "credit": "民報 Taiwan People News", 
                "thumbnail": ""
            }, 
            "end_date": {
                "display_text": "", 
                "minute": "", 
                "month": "", 
                "hour": "", 
                "millisecond": "", 
                "year": "", 
                "second": "", 
                "day": "", 
                "format": ""
            }
        }, 
        {
            "start_date": {
                "display_text": "", 
                "minute": "", 
                "month": 6, 
                "hour": "", 
                "millisecond": "", 
                "year": 2013, 
                "second": "", 
                "day": 10, 
                "format": ""
            }, 
            "text": {
                "text": "高雄市議會副議長蔡昌達為分食近十一億元的脫硫渣暴利，涉嫌與業者顏萬成合謀施壓環保局對陳啟祥展開鋪天蓋地的大稽查，企圖迫使陳出讓中鋼脫硫渣承購契約未果，特偵組昨依貪汙治罪條藉勢藉端勒索財物未遂罪起訴蔡、顏兩人。", 
                "headline": "起訴：高雄市民代、官商搶食中鋼脫硫渣龐大利益案（林益世案外案）"
            }, 
            "media": {
                "caption": "蔡昌達", 
                "url": "http://img.ltn.com.tw/2015/new/feb/14/images/bigPic/400_400/222.jpg", 
                "credit": "自由時報", 
                "thumbnail": ""
            }, 
            "end_date": {
                "display_text": "", 
                "minute": "", 
                "month": "", 
                "hour": "", 
                "millisecond": "", 
                "year": "", 
                "second": "", 
                "day": "", 
                "format": ""
            }
        }, 
        {
            "start_date": {
                "display_text": "", 
                "minute": "", 
                "month": 10, 
                "hour": "", 
                "millisecond": "", 
                "year": 2013, 
                "second": "", 
                "day": 11, 
                "format": ""
            }, 
            "text": {
                "text": "", 
                "headline": "起訴：政府基金弊案"
            }, 
            "media": {
                "caption": "", 
                "url": "", 
                "credit": "", 
                "thumbnail": ""
            }, 
            "end_date": {
                "display_text": "", 
                "minute": "", 
                "month": "", 
                "hour": "", 
                "millisecond": "", 
                "year": "", 
                "second": "", 
                "day": "", 
                "format": ""
            }
        }, 
        {
            "start_date": {
                "display_text": "", 
                "minute": "", 
                "month": 12, 
                "hour": "", 
                "millisecond": "", 
                "year": 2013, 
                "second": "", 
                "day": 23, 
                "format": ""
            }, 
            "text": {
                "text": "檢察總長黃世銘受理民眾檢舉指稱，任職在台中高分院的法官胡景彬，涉嫌利用審判職務收取賄賂，並且利用其法官職務涉入數起黃牛詐騙案。全案經偵查終結，在二十三號依違反貪污治罪條例與、詐欺等罪嫌將胡景彬等多名被告提起公訴", 
                "headline": "起訴：臺中高分院法官胡景彬違反貪污治罪條例等案(正己專案)"
            }, 
            "media": {
                "caption": "胡景彬", 
                "url": "http://pic.pimg.tw/davidday/1389714239-463514396_m.jpg", 
                "credit": "文筆小明DavidDay", 
                "thumbnail": ""
            }, 
            "end_date": {
                "display_text": "", 
                "minute": "", 
                "month": "", 
                "hour": "", 
                "millisecond": "", 
                "year": "", 
                "second": "", 
                "day": "", 
                "format": ""
            }
        }, 
        {
            "start_date": {
                "display_text": "", 
                "minute": "", 
                "month": 3, 
                "hour": "", 
                "millisecond": "", 
                "year": 2014, 
                "second": "", 
                "day": 11, 
                "format": ""
            }, 
            "text": {
                "text": "九月政爭爆發之後，時任行政院長的江宜樺為謀求保留特偵組，曾經提出修法，將特偵組改隷臺灣高等法院檢察署，然而該項提議最後並未完成立法", 
                "headline": "特偵組改隸未過關"
            }, 
            "media": {
                "caption": "", 
                "url": "", 
                "credit": "", 
                "thumbnail": ""
            }, 
            "end_date": {
                "display_text": "", 
                "minute": "", 
                "month": "", 
                "hour": "", 
                "millisecond": "", 
                "year": "", 
                "second": "", 
                "day": "", 
                "format": ""
            }
        }, 
        {
            "start_date": {
                "display_text": "", 
                "minute": "", 
                "month": 8, 
                "hour": "", 
                "millisecond": "", 
                "year": 2014, 
                "second": "", 
                "day": 4, 
                "format": ""
            }, 
            "text": {
                "text": "國民黨為規避黨政軍退出媒體的規定出售中視、中廣和中影給榮麗公司，但真正只賣掉中視，中廣和中影信託給陳明暉。其中，價值約40億元之中視以8.9億售出，價值50億之中廣以1億元賣給趙少康。行政院表示三中案是「國民黨盜賣國產」。", 
                "headline": "簽結：盜賣國產三中案、國發院土地不法交易案"
            }, 
            "media": {
                "caption": "", 
                "url": "", 
                "credit": "", 
                "thumbnail": ""
            }, 
            "end_date": {
                "display_text": "", 
                "minute": "", 
                "month": "", 
                "hour": "", 
                "millisecond": "", 
                "year": "", 
                "second": "", 
                "day": "", 
                "format": ""
            }
        }, 
        {
            "start_date": {
                "display_text": "", 
                "minute": "", 
                "month": 7, 
                "hour": "", 
                "millisecond": "", 
                "year": 2015, 
                "second": "", 
                "day": 28, 
                "format": ""
            }, 
            "text": {
                "text": "鄧文聰犯保險法第一百六十八條之二第一項後段之背信罪：違背職務向渣打銀行質押借款又與黃正一共同犯保險法第一百六十八條之二第二項之共同背信罪：違背職務向EFG 銀行質押借款；又共同犯洗錢防制法第十一條第一項之洗錢罪。", 
                "headline": "起訴：幸福人壽保險公司違反保險法等案"
            }, 
            "media": {
                "caption": "幸福人壽", 
                "url": "http://cn.technode.com/files/2014/04/201203221556041.jpg", 
                "credit": "香港矽谷", 
                "thumbnail": ""
            }, 
            "end_date": {
                "display_text": "", 
                "minute": "", 
                "month": "", 
                "hour": "", 
                "millisecond": "", 
                "year": "", 
                "second": "", 
                "day": "", 
                "format": ""
            }
        }, 
        {
            "start_date": {
                "display_text": "", 
                "minute": "", 
                "month": 9, 
                "hour": "", 
                "millisecond": "", 
                "year": 2015, 
                "second": "", 
                "day": 15, 
                "format": ""
            }, 
            "text": {
                "text": "股票上櫃公司偉盟工業創辦人賴文正、賴建志父子涉嫌掏空偉盟、采盟資產8億1769萬元，夥同股市作手「金庸」郇金鏞等人利用人頭戶炒作偉盟股票達253.5億元，誘騙坑殺大量散戶。特偵組偵結全案，依違反證券交易法起訴賴文正等7人。目前仍在審理中。", 
                "headline": "起訴：偉盟工業公司違反證券交易法等案"
            }, 
            "media": {
                "caption": "", 
                "url": "", 
                "credit": "", 
                "thumbnail": ""
            }, 
            "end_date": {
                "display_text": "", 
                "minute": "", 
                "month": "", 
                "hour": "", 
                "millisecond": "", 
                "year": "", 
                "second": "", 
                "day": "", 
                "format": ""
            }
        }, 
        {
            "start_date": {
                "display_text": "", 
                "minute": "", 
                "month": 10, 
                "hour": "", 
                "millisecond": "", 
                "year": 2016, 
                "second": "", 
                "day": 5, 
                "format": ""
            }, 
            "text": {
                "text": "", 
                "headline": "起訴：中信金控集團、國寶集團等涉嫌違反銀行法證券交易法案件"
            }, 
            "media": {
                "caption": "", 
                "url": "", 
                "credit": "", 
                "thumbnail": ""
            }, 
            "end_date": {
                "display_text": "", 
                "minute": "", 
                "month": "", 
                "hour": "", 
                "millisecond": "", 
                "year": "", 
                "second": "", 
                "day": "", 
                "format": ""
            }
        }, 
        {
            "start_date": {
                "display_text": "", 
                "minute": "", 
                "month": 5, 
                "hour": "", 
                "millisecond": "", 
                "year": 2010, 
                "second": "", 
                "day": 20, 
                "format": ""
            }, 
            "text": {
                "text": "台郵於陽信銀行掏空案爆發後挹注其100億元，並於其他行庫接退出對其之金援後，郵政公司仍不對展延。至今陽信尚有六十五億元未還。", 
                "headline": "簽結：台郵挹注陽信百億元案"
            }, 
            "media": {
                "caption": "", 
                "url": "", 
                "credit": "", 
                "thumbnail": ""
            }, 
            "end_date": {
                "display_text": "", 
                "minute": "", 
                "month": "", 
                "hour": "", 
                "millisecond": "", 
                "year": "", 
                "second": "", 
                "day": "", 
                "format": ""
            }
        }, 
        {
            "start_date": {
                "display_text": "", 
                "minute": "", 
                "month": 2, 
                "hour": "", 
                "millisecond": "", 
                "year": 2015, 
                "second": "", 
                "day": 6, 
                "format": ""
            }, 
            "text": {
                "text": "", 
                "headline": "簽結：機場捷運工程弊案"
            }, 
            "media": {
                "caption": "機場捷運", 
                "url": "http://www.hohoad.com.tw/wp-content/uploads/2016/05/homepagepicn-02.png", 
                "credit": "HOHOAD INTERNATIONAL INCORPORATION", 
                "thumbnail": ""
            }, 
            "end_date": {
                "display_text": "", 
                "minute": "", 
                "month": "", 
                "hour": "", 
                "millisecond": "", 
                "year": "", 
                "second": "", 
                "day": "", 
                "format": ""
            }
        }, 
        {
            "start_date": {
                "display_text": "", 
                "minute": "", 
                "month": 9, 
                "hour": "", 
                "millisecond": "", 
                "year": 2016, 
                "second": "", 
                "day": 21, 
                "format": ""
            }, 
            "text": {
                "text": "立法院司法及法制委員會於9月21日審查通過「法院組織法刪除第63條之1草案」，並在11月18日三審通過，預計在2017年1月1日廢除特偵組", 
                "headline": "立法院審審查「法院組織法」"
            }, 
            "media": {
                "caption": "", 
                "url": "", 
                "credit": "", 
                "thumbnail": ""
            }, 
            "end_date": {
                "display_text": "", 
                "minute": "", 
                "month": 11, 
                "hour": "", 
                "millisecond": "", 
                "year": 2016, 
                "second": "", 
                "day": 18, 
                "format": ""
            }
        }
    ]
}